0,0,0.931049
1,0,0.930029
2,0,0.926759
3,0,0.920566
4,0,0.910163
5,0,0.893336
6,0,0.866374
7,0,0.823113
8,0,0.753803
9,0,0.645537
10,0,0.490134
11,0,0.304792
12,0,0.138734
13,0,0.028217
14,0,-0.030220
15,0,-0.051515
16,0,-0.035044
17,0,0.042330
18,0,0.206962
19,0,0.432010
20,0,0.633132
21,0,0.767121
22,0,0.843323
23,0,0.880808
24,0,0.891604
25,0,0.879749
26,0,0.842274
27,0,0.769024
28,0,0.644062
29,0,0.459643
30,0,0.251041
31,0,0.093349
32,0,0.020856
33,0,0.015467
34,0,0.050361
35,0,0.105994
36,0,0.166402
37,0,0.215408
38,0,0.238621
39,0,0.227810
40,0,0.183310
41,0,0.113407
42,0,0.030740
43,0,-0.051717
44,0,-0.117600
45,0,-0.128476
46,0,0.012083
47,0,0.423648
0,1,0.924939
1,1,0.923914
2,1,0.920625
3,1,0.914379
4,1,0.903858
5,1,0.886803
6,1,0.859439
7,1,0.815542
8,1,0.745375
9,1,0.636329
10,1,0.481133
11,1,0.298060
12,1,0.135592
13,1,0.028011
14,1,-0.028558
15,1,-0.048232
16,1,-0.029526
17,1,0.050813
18,1,0.217402
19,1,0.440777
20,1,0.638186
21,1,0.769315
22,1,0.843933
23,1,0.880616
24,1,0.891000
25,1,0.878928
26,1,0.841364
27,1,0.768189
28,1,0.643604
29,1,0.459976
30,1,0.252195
31,1,0.094626
32,1,0.021601
33,1,0.015439
34,1,0.049585
35,1,0.104663
36,1,0.164811
37,1,0.213830
38,1,0.237184
39,1,0.226527
40,1,0.182236
41,1,0.112780
42,1,0.030974
43,1,-0.050124
44,1,-0.114095
45,1,-0.122530
46,1,0.019589
47,1,0.426166
0,2,0.904965
1,2,0.903930
2,2,0.900591
3,2,0.894196
4,2,0.883325
5,2,0.865571
6,2,0.836979
7,2,0.791162
8,2,0.718491
9,2,0.607415
10,2,0.453521
11,2,0.277954
12,2,0.126449
13,2,0.027596
14,2,-0.023419
15,2,-0.038273
16,2,-0.013065
17,2,0.075527
18,2,0.246876
19,2,0.464792
20,2,0.651728
21,2,0.774982
22,2,0.845236
23,2,0.879683
24,2,0.888891
25,2,0.876160
26,2,0.838265
27,2,0.765178
28,2,0.641491
29,2,0.459971
30,2,0.254610
31,2,0.097700
32,2,0.023457
33,2,0.015320
34,2,0.047555
35,2,0.101317
36,2,0.161038
37,2,0.210369
38,2,0.234270
39,2,0.224006
40,2,0.180078
41,2,0.111548
42,2,0.031853
43,2,-0.045650
44,2,-0.104482
45,2,-0.106702
46,2,0.038122
47,2,0.429279
0,3,0.865639
1,3,0.864603
2,3,0.861221
3,3,0.854627
4,3,0.843211
5,3,0.824307
6,3,0.793669
7,3,0.744748
8,3,0.668398
9,3,0.555363
10,3,0.406152
11,3,0.245220
12,3,0.112292
13,3,0.027541
14,3,-0.014503
15,3,-0.021594
16,3,0.013614
17,3,0.113765
18,3,0.289791
19,3,0.497802
20,3,0.669434
21,3,0.781626
22,3,0.845726
23,3,0.876944
24,3,0.884356
25,3,0.870500
26,3,0.831855
27,3,0.758490
28,3,0.635613
29,3,0.456869
30,3,0.255475
31,3,0.100572
32,3,0.025476
33,3,0.015109
34,3,0.045199
35,3,0.097898
36,3,0.158033
37,3,0.208768
38,3,0.233990
39,3,0.224188
40,3,0.180048
41,3,0.111744
42,3,0.034038
43,3,-0.039041
44,3,-0.091247
45,3,-0.086531
46,3,0.057096
47,3,0.421415
0,4,0.796170
1,4,0.795181
2,4,0.791874
3,4,0.785196
4,4,0.773240
5,4,0.752985
6,4,0.719886
7,4,0.667515
8,4,0.588138
9,4,0.476586
10,4,0.339558
11,4,0.202458
12,4,0.095068
13,4,0.028614
14,4,-0.001790
15,4,0.001062
16,4,0.048112
17,4,0.159898
18,4,0.337207
19,4,0.531230
20,4,0.685498
21,4,0.785686
22,4,0.843058
23,4,0.870594
24,4,0.875769
25,4,0.860257
26,4,0.820161
27,4,0.745633
28,4,0.622733
29,4,0.446790
30,4,0.251106
31,4,0.100760
32,4,0.026629
33,4,0.015113
34,4,0.044180
35,4,0.097566
36,4,0.160460
37,4,0.214867
38,4,0.242764
39,4,0.233356
40,4,0.187482
41,4,0.117014
42,4,0.039076
43,4,-0.030944
44,4,-0.077588
45,4,-0.069157
46,4,0.063722
47,4,0.388157
0,5,0.680086
1,5,0.679278
2,5,0.676425
3,5,0.670222
4,5,0.658411
5,5,0.637651
6,5,0.603390
7,5,0.550132
8,5,0.473051
9,5,0.372383
10,5,0.259338
11,5,0.155116
12,5,0.077639
13,5,0.031490
14,5,0.013984
15,5,0.027441
16,5,0.085555
17,5,0.205327
18,5,0.378470
19,5,0.556147
20,5,0.693740
21,5,0.782928
22,5,0.834052
23,5,0.857933
24,5,0.860549
25,5,0.842725
26,5,0.800131
27,5,0.723017
28,5,0.598716
29,5,0.425528
30,5,0.238109
31,5,0.096287
32,5,0.026411
33,5,0.016229
34,5,0.046899
35,5,0.104406
36,5,0.174026
37,5,0.235546
38,5,0.268077
39,5,0.259093
40,5,0.209366
41,5,0.132742
42,5,0.049954
43,5,-0.020997
44,5,-0.065796
45,5,-0.059829
46,5,0.049797
47,5,0.318417
0,6,0.504537
1,6,0.504150
2,6,0.502491
3,6,0.498084
4,6,0.488508
5,6,0.470499
6,6,0.440247
7,6,0.394273
8,6,0.331409
9,6,0.255716
10,6,0.177801
11,6,0.110792
12,6,0.063111
13,6,0.036422
14,6,0.031136
15,6,0.053725
16,6,0.119093
17,6,0.240225
18,6,0.403531
19,6,0.564521
20,6,0.687962
21,6,0.768338
22,6,0.814368
23,6,0.834915
24,6,0.834671
25,6,0.813676
26,6,0.767181
27,6,0.685726
28,6,0.558797
29,6,0.389466
30,6,0.214575
31,6,0.086574
32,6,0.025289
33,6,0.020011
34,6,0.056210
35,6,0.122662
36,6,0.203996
37,6,0.276428
38,6,0.315703
39,6,0.307722
40,6,0.252694
41,6,0.165622
42,6,0.071564
43,6,-0.006826
44,6,-0.055573
45,6,-0.058700
46,6,0.017643
47,6,0.214299
0,7,0.291301
1,7,0.291466
2,7,0.291529
3,7,0.290235
4,7,0.285620
5,7,0.275268
6,7,0.256804
7,7,0.228792
8,7,0.191973
9,7,0.150185
10,7,0.109677
11,7,0.076455
12,7,0.053848
13,7,0.043171
14,7,0.047477
15,7,0.075587
16,7,0.141977
17,7,0.256391
18,7,0.404698
19,7,0.549409
20,7,0.661511
21,7,0.735489
22,7,0.777758
23,7,0.795343
24,7,0.791830
25,7,0.766592
26,7,0.714651
27,7,0.627485
28,7,0.498351
29,7,0.336934
30,7,0.181142
31,7,0.072897
32,7,0.024697
33,7,0.028324
34,7,0.074639
35,7,0.155234
36,7,0.252662
37,7,0.338375
38,7,0.385618
39,7,0.380136
40,7,0.321053
41,7,0.221888
42,7,0.110548
43,7,0.016604
44,7,-0.043287
45,7,-0.060561
46,7,-0.019895
47,7,0.100196
0,8,0.109576
1,8,0.109987
2,8,0.111015
3,8,0.112072
4,8,0.112257
5,8,0.110511
6,8,0.105894
7,8,0.097991
8,8,0.087325
9,8,0.075455
10,8,0.064453
11,8,0.056016
12,8,0.051187
13,8,0.051511
14,8,0.061378
15,8,0.090020
16,8,0.150234
17,8,0.249776
18,8,0.377729
19,8,0.505059
20,8,0.606942
21,8,0.675899
22,8,0.715224
23,8,0.729936
24,8,0.722592
25,8,0.692134
26,8,0.633969
27,8,0.541942
28,8,0.415219
29,8,0.270208
30,8,0.141562
31,8,0.058110
32,8,0.026473
33,8,0.042506
34,8,0.103057
35,8,0.201637
36,8,0.316718
37,8,0.414862
38,8,0.469499
39,8,0.468702
40,8,0.410613
41,8,0.303789
42,8,0.173796
43,8,0.056954
44,8,-0.022224
45,8,-0.057572
46,8,-0.047708
47,8,0.010770
0,9,0.003194
1,9,0.003478
2,9,0.004361
3,9,0.005936
4,9,0.008354
5,9,0.011798
6,9,0.016435
7,9,0.022324
8,9,0.029319
9,9,0.036971
10,9,0.044518
11,9,0.051120
12,9,0.056537
13,9,0.062287
14,9,0.072959
15,9,0.096868
16,9,0.144422
17,9,0.222087
18,9,0.323586
19,9,0.429013
20,9,0.517856
21,9,0.580299
22,9,0.615842
23,9,0.627060
24,9,0.615483
25,9,0.580151
26,9,0.518110
27,9,0.427508
28,9,0.314152
29,9,0.197108
30,9,0.102051
31,9,0.045559
32,9,0.031847
33,9,0.062247
34,9,0.139269
35,9,0.256566
36,9,0.386923
37,9,0.493692
38,9,0.553803
39,9,0.559709
40,9,0.509617
41,9,0.405848
42,9,0.264867
43,9,0.123253
44,9,0.016995
45,9,-0.041535
46,9,-0.057101
47,9,-0.038147
0,10,-0.042440
1,10,-0.042294
2,10,-0.041657
3,10,-0.039947
4,10,-0.036269
5,10,-0.029580
6,10,-0.019007
7,10,-0.004293
8,10,0.013751
9,10,0.033088
10,10,0.050897
11,10,0.064622
12,10,0.073274
13,10,0.078437
14,10,0.084663
15,10,0.099038
16,10,0.129480
17,10,0.181023
18,10,0.250971
19,10,0.327571
20,10,0.395999
21,10,0.446066
22,10,0.474150
23,10,0.480368
24,10,0.465442
25,10,0.429326
26,10,0.371910
27,10,0.295842
28,10,0.210020
29,10,0.129451
30,10,0.068972
31,10,0.037540
32,10,0.040424
33,10,0.084746
34,10,0.177465
35,10,0.310665
36,10,0.451477
37,10,0.562743
38,10,0.626687
39,10,0.640534
40,10,0.603878
41,10,0.515051
42,10,0.379136
43,10,0.222025
44,10,0.085706
45,10,-0.003019
46,10,-0.044582
47,10,-0.052359
0,11,-0.053896
1,11,-0.053516
2,11,-0.052054
3,11,-0.048579
4,11,-0.041697
5,11,-0.029877
6,11,-0.012027
7,11,0.011724
8,11,0.039331
9,11,0.066823
10,11,0.089393
11,11,0.103306
12,11,0.107646
13,11,0.104964
14,11,0.100604
15,11,0.101126
16,11,0.112441
17,11,0.137785
18,11,0.175763
19,11,0.219870
20,11,0.260982
21,11,0.291392
22,11,0.307066
23,11,0.307137
24,11,0.292256
25,11,0.263518
26,11,0.222698
27,11,0.173497
28,11,0.122378
29,11,0.077429
30,11,0.045973
31,11,0.034147
32,11,0.049797
33,11,0.104865
34,11,0.209359
35,11,0.353478
36,11,0.500464
37,11,0.614323
38,11,0.681961
39,11,0.704409
40,11,0.683404
41,11,0.616759
42,11,0.502278
43,11,0.350123
44,11,0.193233
45,11,0.070273
46,11,-0.004046
47,11,-0.039225
0,12,-0.038751
1,12,-0.037417
2,12,-0.032999
3,12,-0.024332
4,12,-0.009784
5,12,0.012151
6,12,0.041922
7,12,0.077839
8,12,0.115461
9,12,0.148247
10,12,0.169618
11,12,0.175536
12,12,0.166314
13,12,0.146788
14,12,0.124557
15,12,0.107040
16,12,0.099041
17,12,0.101867
18,12,0.113560
19,12,0.129727
20,12,0.145060
21,12,0.155214
22,12,0.158038
23,12,0.153484
24,12,0.142625
25,12,0.126726
26,12,0.107015
27,12,0.085093
28,12,0.063306
29,12,0.044661
30,12,0.032822
31,12,0.033359
32,12,0.056237
33,12,0.116564
34,12,0.226626
35,12,0.376395
36,12,0.527669
37,12,0.645150
38,12,0.718080
39,12,0.749814
40,12,0.744312
41,12,0.701157
42,12,0.616595
43,12,0.490217
44,12,0.336777
45,12,0.189354
46,12,0.077601
47,12,0.006553
0,13,0.020177
1,13,0.023388
2,13,0.033437
3,13,0.051395
4,13,0.078451
5,13,0.114953
6,13,0.159208
7,13,0.206601
8,13,0.249853
9,13,0.280708
10,13,0.292297
11,13,0.281281
12,13,0.249460
13,13,0.204346
14,13,0.157113
15,13,0.117796
16,13,0.091254
17,13,0.076934
18,13,0.071198
19,13,0.069666
20,13,0.068688
21,13,0.066160
22,13,0.061696
23,13,0.056141
24,13,0.050651
25,13,0.045876
26,13,0.041708
27,13,0.037607
28,13,0.033202
29,13,0.028927
30,13,0.026883
31,13,0.032432
32,13,0.056344
33,13,0.115147
34,13,0.223367
35,13,0.373863
36,13,0.529633
37,13,0.654051
38,13,0.735392
39,13,0.777697
40,13,0.786825
41,13,0.764907
42,13,0.710027
43,13,0.618959
44,13,0.493675
45,13,0.349431
46,13,0.212808
47,13,0.103468
0,14,0.152548
1,14,0.158004
2,14,0.174504
3,14,0.202184
4,14,0.240453
5,14,0.287043
6,14,0.337338
7,14,0.384602
8,14,0.421139
9,14,0.439693
10,14,0.434490
11,14,0.402296
12,14,0.344513
13,14,0.269859
14,14,0.193666
15,14,0.130642
16,14,0.087184
17,14,0.061095
18,14,0.046435
19,14,0.037649
20,14,0.031219
21,14,0.025737
22,14,0.021320
23,14,0.018758
24,14,0.018647
25,14,0.020780
26,14,0.024044
27,14,0.026862
28,14,0.027941
29,14,0.027072
30,14,0.026016
31,14,0.029849
32,14,0.048854
33,14,0.099314
34,14,0.197849
35,14,0.343557
36,14,0.504219
37,14,0.640004
38,14,0.734172
39,14,0.789349
40,14,0.812730
41,14,0.808995
42,14,0.779077
43,14,0.721234
44,14,0.633793
45,14,0.519767
46,14,0.390878
47,14,0.264561
0,15,0.356347
1,15,0.362531
2,15,0.380695
3,15,0.409532
4,15,0.446474
5,15,0.487506
6,15,0.527400
7,15,0.560337
8,15,0.580525
9,15,0.582402
10,15,0.560568
11,15,0.510344
12,15,0.430603
13,15,0.329213
14,15,0.225363
15,15,0.140138
16,15,0.082933
17,15,0.050272
18,15,0.033822
19,15,0.026532
20,15,0.024292
21,15,0.025265
22,15,0.028739
23,15,0.034220
24,15,0.040847
25,15,0.047157
26,15,0.051269
27,15,0.051533
28,15,0.047321
29,15,0.039566
30,15,0.031008
31,15,0.026733
32,15,0.035645
33,15,0.072098
34,15,0.153560
35,15,0.287159
36,15,0.450532
37,15,0.601495
38,15,0.713837
39,15,0.785456
40,15,0.823865
41,15,0.836078
42,15,0.825884
43,15,0.794184
44,15,0.740328
45,15,0.664201
46,15,0.568874
47,15,0.462368
0,16,0.563317
1,16,0.567978
2,16,0.581405
3,16,0.601937
4,16,0.626897
5,16,0.652810
6,16,0.675732
7,16,0.691521
8,16,0.695848
9,16,0.683851
10,16,0.649672
11,16,0.586782
12,16,0.491167
13,16,0.369085
14,16,0.243050
15,16,0.140833
16,16,0.075152
17,16,0.041532
18,16,0.029895
19,16,0.032305
20,16,0.044046
21,16,0.061940
22,16,0.082877
23,16,0.103409
24,16,0.120002
25,16,0.129396
26,16,0.129080
27,16,0.118062
28,16,0.097713
29,16,0.071950
30,16,0.046338
31,16,0.027034
32,16,0.021323
33,16,0.040080
34,16,0.099065
35,16,0.211965
36,16,0.370883
37,16,0.537403
38,16,0.673118
39,16,0.765949
40,16,0.821542
41,16,0.848874
42,16,0.854498
43,16,0.841957
44,16,0.812712
45,16,0.767436
46,16,0.707551
47,16,0.636930
0,17,0.711613
1,17,0.714304
2,17,0.721958
3,17,0.733357
4,17,0.746613
5,17,0.759335
6,17,0.768778
7,17,0.771844
8,17,0.764848
9,17,0.743006
10,17,0.699828
11,17,0.627325
12,17,0.519521
13,17,0.382125
14,17,0.241234
15,17,0.130031
16,17,0.062993
17,17,0.034749
18,17,0.034917
19,17,0.056017
20,17,0.092760
21,17,0.139027
22,17,0.186924
23,17,0.228385
24,17,0.256978
25,17,0.268359
26,17,0.260015
27,17,0.231626
28,17,0.186376
29,17,0.131903
30,17,0.078731
31,17,0.036438
32,17,0.011687
33,17,0.010998
34,17,0.045516
35,17,0.130923
36,17,0.273833
37,17,0.449551
38,17,0.611173
39,17,0.730399
40,17,0.806556
41,17,0.849576
42,17,0.868784
43,17,0.870304
44,17,0.857655
45,17,0.832942
46,17,0.798064
47,17,0.755937
0,18,0.795083
1,18,0.796413
2,18,0.800130
3,18,0.805440
4,18,0.811081
5,18,0.815382
6,18,0.816257
7,18,0.811073
8,18,0.796307
9,18,0.766956
10,18,0.715895
11,18,0.634194
12,18,0.515407
13,18,0.367064
14,18,0.219729
15,18,0.109142
16,18,0.048642
17,18,0.032358
18,18,0.051682
19,18,0.100748
20,18,0.172316
21,18,0.253833
22,18,0.330171
23,18,0.389663
24,18,0.426274
25,18,0.437492
26,18,0.421814
27,18,0.378299
28,18,0.308826
29,18,0.221925
30,18,0.133556
31,18,0.060431
32,18,0.011950
33,18,-0.008935
34,18,0.002403
35,18,0.058435
36,18,0.174537
37,18,0.345906
38,18,0.529664
39,18,0.678895
40,18,0.779535
41,18,0.839853
42,18,0.871774
43,18,0.884115
44,18,0.882353
45,18,0.869876
46,18,0.849221
47,18,0.823093
0,19,0.828504
1,19,0.829060
2,19,0.830535
3,19,0.832363
4,19,0.833602
5,19,0.832905
6,19,0.828432
7,19,0.817630
8,19,0.796823
9,19,0.760592
10,19,0.701225
11,19,0.609567
12,19,0.480762
13,19,0.327047
14,19,0.183257
15,19,0.083115
16,19,0.036267
17,19,0.037723
18,19,0.082628
19,19,0.166245
20,19,0.275245
21,19,0.386681
22,19,0.479953
23,19,0.545598
24,19,0.582529
25,19,0.591861
26,19,0.573270
27,19,0.524320
28,19,0.442738
29,19,0.332463
30,19,0.210357
31,19,0.102097
32,19,0.025543
33,19,-0.016359
34,19,-0.025410
35,19,0.004208
36,19,0.089003
37,19,0.240934
38,19,0.434963
39,19,0.613298
40,19,0.741486
41,19,0.821117
42,19,0.865720
43,19,0.886915
44,19,0.892162
45,19,0.885981
46,19,0.871425
47,19,0.851224
0,20,0.821560
1,20,0.821698
2,20,0.821956
3,20,0.821855
4,20,0.820555
5,20,0.816779
6,20,0.808652
7,20,0.793436
8,20,0.767083
9,20,0.723681
10,20,0.655267
11,20,0.553807
12,20,0.418750
13,20,0.268874
14,20,0.139851
15,20,0.058343
16,20,0.030007
17,20,0.052937
18,20,0.126828
19,20,0.245084
20,20,0.383395
21,20,0.509522
22,20,0.604693
23,20,0.666540
24,20,0.699310
25,20,0.706632
26,20,0.688865
27,20,0.642662
28,20,0.562277
29,20,0.444793
30,20,0.300902
31,20,0.160376
32,20,0.053552
33,20,-0.010527
34,20,-0.037533
35,20,-0.029243
36,20,0.026542
37,20,0.149987
38,20,0.338193
39,20,0.538210
40,20,0.694349
41,20,0.794826
42,20,0.852360
43,20,0.881101
44,20,0.890482
45,20,0.885998
46,20,0.871020
47,20,0.848384
0,21,0.773222
1,21,0.773149
2,21,0.772780
3,21,0.771648
4,21,0.768894
5,21,0.763144
6,21,0.752312
7,21,0.733305
8,21,0.701642
9,21,0.651176
10,21,0.574713
11,21,0.467556
12,21,0.335735
13,21,0.202614
14,21,0.098319
15,21,0.040093
16,21,0.031966
17,21,0.077024
18,21,0.178536
19,21,0.324174
20,21,0.477835
21,21,0.604825
22,21,0.693642
23,21,0.748541
24,21,0.776738
25,21,0.782802
26,21,0.767390
27,21,0.727078
28,21,0.654740
29,21,0.542600
30,21,0.392448
31,21,0.229676
32,21,0.094437
33,21,0.007473
34,21,-0.036126
35,21,-0.044515
36,21,-0.012109
37,21,0.081919
38,21,0.251345
39,21,0.460616
40,21,0.641198
41,21,0.762692
42,21,0.833171
43,21,0.868332
44,21,0.879300
45,21,0.872151
46,21,0.850032
47,21,0.815555
0,22,0.672828
1,22,0.672682
2,22,0.672099
3,22,0.670603
4,22,0.667279
5,22,0.660604
6,22,0.648230
7,22,0.626748
8,22,0.591548
9,22,0.537131
10,22,0.458836
11,22,0.357207
12,22,0.243668
13,22,0.139731
14,22,0.065362
15,22,0.030609
16,22,0.041064
17,22,0.105316
18,22,0.228281
19,22,0.390339
20,22,0.547801
21,22,0.669325
22,22,0.750569
23,22,0.799576
24,22,0.824570
25,22,0.830248
26,22,0.817428
27,22,0.783057
28,22,0.720063
29,22,0.618627
30,22,0.473622
31,22,0.301283
32,22,0.143903
33,22,0.035084
34,22,-0.024315
35,22,-0.046136
36,22,-0.031412
37,22,0.037185
38,22,0.181988
39,22,0.387742
40,22,0.585802
41,22,0.726681
42,22,0.809561
43,22,0.849929
44,22,0.859878
45,22,0.845221
46,22,0.807604
47,22,0.748144
0,23,0.509702
1,23,0.509598
2,23,0.509169
3,23,0.508005
4,23,0.505255
5,23,0.499413
6,23,0.488121
7,23,0.468091
8,23,0.435367
9,23,0.386301
10,23,0.319732
11,23,0.240047
12,23,0.158494
13,23,0.089337
14,23,0.043644
15,23,0.028619
16,23,0.053147
17,23,0.130378
18,23,0.265705
19,23,0.434349
20,23,0.590198
21,23,0.706240
22,23,0.782339
23,23,0.828000
24,23,0.851562
25,23,0.857645
26,23,0.847236
27,23,0.817787
28,23,0.762869
29,23,0.672427
30,23,0.537594
31,23,0.365896
32,23,0.195214
33,23,0.068170
34,23,-0.005690
35,23,-0.038738
36,23,-0.037300
37,23,0.011074
38,23,0.131243
39,23,0.324436
40,23,0.531679
41,23,0.688828
42,23,0.783001
43,23,0.827265
44,23,0.833556
45,23,0.806102
46,23,0.742938
47,23,0.641465
0,24,0.302777
1,24,0.302762
2,24,0.302684
3,24,0.302377
4,24,0.301360
5,24,0.298600
6,24,0.292337
7,24,0.280119
8,24,0.259272
9,24,0.227955
10,24,0.186667
11,24,0.139389
12,24,0.093017
13,24,0.054997
14,24,0.031705
15,24,0.030248
16,24,0.062396
17,24,0.144270
18,24,0.282245
19,24,0.450928
20,24,0.604889
21,24,0.718923
22,24,0.793804
23,24,0.839110
24,24,0.863076
25,24,0.870339
26,24,0.862127
27,24,0.836403
28,24,0.787492
29,24,0.705887
30,24,0.581373
31,24,0.415724
32,24,0.240268
33,24,0.101012
34,24,0.015569
35,24,-0.026631
36,24,-0.035336
37,24,-0.002651
38,24,0.095673
39,24,0.272024
40,24,0.481268
41,24,0.651041
42,24,0.755143
43,24,0.802146
44,24,0.802618
45,24,0.757836
46,24,0.660405
47,24,0.503711
0,25,0.118429
1,25,0.118417
2,25,0.118457
3,25,0.118715
4,25,0.119282
5,25,0.119951
6,25,0.120009
7,25,0.118186
8,25,0.112913
9,25,0.102943
10,25,0.088136
11,25,0.069915
12,25,0.050996
13,25,0.034783
14,25,0.025641
15,25,0.030920
16,25,0.063631
17,25,0.141258
18,25,0.272693
19,25,0.437058
20,25,0.591311
21,25,0.708387
22,25,0.786763
23,25,0.835069
24,25,0.861451
25,25,0.870784
26,25,0.864655
27,25,0.841519
28,25,0.796373
29,25,0.720467
30,25,0.603645
31,25,0.445138
32,25,0.271203
33,25,0.127010
34,25,0.034719
35,25,-0.013922
36,25,-0.030276
37,25,-0.009790
38,25,0.070212
39,25,0.229175
40,25,0.435832
41,25,0.615117
42,25,0.727960
43,25,0.777069
44,25,0.770853
45,25,0.707124
46,25,0.573689
47,25,0.366226
0,26,0.005873
1,26,0.005768
2,26,0.005605
3,26,0.005788
4,26,0.006861
5,26,0.009312
6,26,0.013342
7,26,0.018659
8,26,0.024403
9,26,0.029308
10,26,0.032108
11,26,0.032011
12,26,0.029071
13,26,0.024547
14,26,0.021732
15,26,0.027576
16,26,0.054588
17,26,0.120062
18,26,0.236323
19,26,0.391434
20,26,0.547510
21,26,0.672851
22,26,0.760052
23,26,0.815312
24,26,0.846557
25,26,0.859115
26,26,0.855103
27,26,0.833473
28,26,0.789779
29,26,0.716029
30,26,0.603001
31,26,0.450192
32,26,0.281841
33,26,0.140151
34,26,0.047113
35,26,-0.004411
36,26,-0.026045
37,26,-0.014975
38,26,0.050256
39,26,0.193749
40,26,0.396183
41,26,0.583049
42,26,0.703867
43,26,0.755188
44,26,0.743311
45,26,0.663400
46,26,0.501680
47,26,0.264387
0,27,-0.043236
1,27,-0.043390
2,27,-0.043660
3,27,-0.043504
4,27,-0.042115
5,27,-0.038602
6,27,-0.032244
7,27,-0.022829
8,27,-0.010976
9,27,0.001758
10,27,0.013146
11,27,0.020976
12,27,0.023924
13,27,0.022365
14,27,0.019119
15,27,0.020429
16,27,0.037174
17,27,0.084906
18,27,0.178346
19,27,0.316471
20,27,0.471658
21,27,0.608460
22,27,0.709845
23,27,0.776732
24,27,0.815954
25,27,0.833318
26,27,0.831635
27,27,0.810416
28,27,0.765716
29,27,0.690384
30,27,0.577047
31,27,0.428113
32,27,0.268741
33,27,0.136729
34,27,0.049392
35,27,-0.001079
36,27,-0.025579
37,27,-0.021366
38,27,0.032809
39,27,0.164544
40,27,0.363798
41,27,0.557486
42,27,0.685727
43,27,0.739897
44,27,0.725120
45,27,0.635534
46,27,0.458290
47,27,0.210275
0,28,-0.051872
1,28,-0.051856
2,28,-0.051580
3,28,-0.050403
4,28,-0.047360
5,28,-0.041376
6,28,-0.031599
7,28,-0.017881
8,28,-0.001251
9,28,0.015892
10,28,0.030196
11,28,0.038446
12,28,0.038901
13,28,0.032242
14,28,0.021858
15,28,0.013820
16,28,0.017208
17,28,0.044615
18,28,0.110384
19,28,0.222037
20,28,0.366655
21,28,0.512056
22,28,0.630714
23,28,0.713891
24,28,0.764800
25,28,0.789031
26,28,0.790083
27,28,0.768112
28,28,0.719808
29,28,0.639351
30,28,0.522746
31,28,0.377939
32,28,0.232280
33,28,0.116691
34,28,0.040592
35,28,-0.005386
36,28,-0.030433
37,28,-0.030334
38,28,0.017166
39,28,0.142574
40,28,0.341839
41,28,0.542062
42,28,0.676619
43,28,0.734118
44,28,0.720057
45,28,0.629107
46,28,0.449148
47,28,0.199705
0,29,-0.024203
1,29,-0.023602
2,29,-0.021543
3,29,-0.017303
4,29,-0.009856
5,29,0.001820
6,29,0.018244
7,29,0.038796
8,29,0.061181
9,29,0.081405
10,29,0.094634
11,29,0.096826
12,29,0.086496
13,29,0.065733
14,29,0.039912
15,29,0.016346
16,29,0.003210
17,29,0.009839
18,29,0.047391
19,29,0.126163
20,29,0.246142
21,29,0.387522
22,29,0.519324
23,29,0.620554
24,29,0.686282
25,29,0.719544
26,29,0.723844
27,29,0.700012
28,29,0.645862
29,29,0.558244
30,29,0.438930
31,29,0.303036
32,29,0.177867
33,29,0.084073
34,29,0.022557
35,29,-0.016775
36,29,-0.040267
37,29,-0.040938
38,29,0.005569
39,29,0.131972
40,29,0.335682
41,29,0.541176
42,29,0.679247
43,29,0.739501
44,29,0.729463
45,29,0.645639
46,29,0.475606
47,29,0.231799
0,30,0.059096
1,30,0.060784
2,30,0.066098
3,30,0.075708
4,30,0.090434
5,30,0.110766
6,30,0.136211
7,30,0.164633
8,30,0.191936
9,30,0.212470
10,30,0.220246
11,30,0.210671
12,30,0.182403
13,30,0.138816
14,30,0.088000
15,30,0.040403
16,30,0.005468
17,30,-0.009560
18,30,0.002095
19,30,0.048145
20,30,0.133840
21,30,0.252860
22,30,0.382425
23,30,0.495106
24,30,0.574757
25,30,0.617754
26,30,0.625558
27,30,0.599367
28,30,0.539165
29,30,0.446742
30,30,0.331670
31,30,0.214176
32,30,0.115967
33,30,0.046073
34,30,-0.000446
35,30,-0.032368
36,30,-0.052123
37,30,-0.048991
38,30,0.004207
39,30,0.140644
40,30,0.352469
41,30,0.558861
42,30,0.694976
43,30,0.755753
44,30,0.751694
45,30,0.682194
46,30,0.535586
47,30,0.312845
0,31,0.219107
1,31,0.221945
2,31,0.230594
3,31,0.245337
4,31,0.266262
5,31,0.292740
6,31,0.322892
7,31,0.353282
8,31,0.379045
9,31,0.394462
10,31,0.393762
11,31,0.372051
12,31,0.326690
13,31,0.259556
14,31,0.179227
15,31,0.099915
16,31,0.035707
17,31,-0.004729
18,31,-0.017621
19,31,-0.000109
20,31,0.051267
21,31,0.136274
22,31,0.243571
23,31,0.350488
24,31,0.434601
25,31,0.483565
26,31,0.494027
27,31,0.466755
28,31,0.405046
29,31,0.317153
30,31,0.218713
31,31,0.128665
32,31,0.059278
33,31,0.011155
34,31,-0.022208
35,31,-0.046357
36,31,-0.059111
37,31,-0.045406
38,31,0.024562
39,31,0.179994
40,31,0.398748
41,31,0.596595
42,31,0.722819
43,31,0.780430
44,31,0.782334
45,31,0.731084
46,31,0.618708
47,31,0.440100
0,32,0.428443
1,32,0.431482
2,32,0.440550
3,32,0.455406
4,32,0.475377
5,32,0.499071
6,32,0.524186
7,32,0.547517
8,32,0.565159
9,32,0.572760
10,32,0.565668
11,32,0.539023
12,32,0.488287
13,32,0.411170
14,32,0.311551
15,32,0.202920
16,32,0.104951
17,32,0.033204
18,32,-0.006575
19,32,-0.014793
20,32,0.007414
21,32,0.058788
22,32,0.133530
23,32,0.217232
24,32,0.290136
25,32,0.335876
26,32,0.346451
27,32,0.321587
28,32,0.267463
29,32,0.196353
30,32,0.124000
31,32,0.063227
32,32,0.018751
33,32,-0.012038
34,32,-0.033958
35,32,-0.048349
36,32,-0.048158
37,32,-0.014083
38,32,0.083631
39,32,0.261117
40,32,0.475439
41,32,0.650940
42,32,0.759009
43,32,0.809458
44,32,0.815476
45,32,0.781795
46,32,0.705548
47,32,0.583718
0,33,0.612163
1,33,0.614453
2,33,0.621203
3,33,0.632014
4,33,0.646104
5,33,0.662217
6,33,0.678580
7,33,0.692953
8,33,0.702709
9,33,0.704850
10,33,0.695892
11,33,0.671631
12,33,0.627041
13,33,0.557011
14,33,0.459184
15,33,0.339458
16,33,0.215707
17,33,0.110981
18,33,0.039922
19,33,0.004732
20,33,0.001379
21,33,0.024916
22,33,0.069318
23,33,0.124599
24,33,0.176452
25,33,0.210655
26,33,0.218496
27,33,0.199181
28,33,0.159332
29,33,0.110412
30,33,0.064125
31,33,0.027756
32,33,0.002671
33,33,-0.013396
34,33,-0.022249
35,33,-0.020955
36,33,0.001886
37,33,0.067425
38,33,0.197432
39,33,0.384103
40,33,0.572660
41,33,0.713252
42,33,0.797805
43,33,0.838189
44,33,0.845528
45,33,0.825053
46,33,0.777566
47,33,0.703840
0,34,0.729855
1,34,0.731320
2,34,0.735620
3,34,0.742460
4,34,0.751296
5,34,0.761295
6,34,0.771317
7,34,0.779918
8,34,0.785356
9,34,0.785544
10,34,0.777915
11,34,0.759166
12,34,0.724967
13,34,0.669946
14,34,0.588783
15,34,0.479867
16,34,0.351540
17,34,0.224691
18,34,0.122822
19,34,0.057935
20,34,0.028951
21,34,0.028821
22,34,0.049181
23,34,0.080611
24,34,0.112205
25,34,0.133411
26,34,0.137499
27,34,0.123935
28,34,0.098111
29,34,0.068578
30,34,0.043204
31,34,0.026440
32,34,0.019151
33,34,0.020679
34,34,0.032037
35,34,0.059188
36,34,0.114819
37,34,0.214498
38,34,0.361146
39,34,0.527447
40,34,0.671705
41,34,0.772898
42,34,0.833264
43,34,0.862435
44,34,0.868311
45,34,0.855344
46,34,0.825757
47,34,0.781975
0,35,0.785131
1,35,0.786052
2,35,0.788776
3,35,0.793171
4,35,0.798972
5,35,0.805734
6,35,0.812778
7,35,0.819158
8,35,0.823635
9,35,0.824632
10,35,0.820151
11,35,0.807611
12,35,0.783591
13,35,0.743590
14,35,0.682189
15,35,0.594583
16,35,0.480869
17,35,0.352167
18,35,0.230916
19,35,0.138653
20,35,0.083523
21,35,0.061179
22,35,0.062039
23,35,0.075673
24,35,0.092170
25,35,0.103288
26,35,0.104249
27,35,0.095036
28,35,0.079979
29,35,0.065627
30,35,0.058075
31,35,0.061168
32,35,0.076317
33,35,0.103853
34,35,0.145370
35,35,0.205687
36,35,0.291709
37,35,0.405526
38,35,0.535439
39,35,0.658345
40,35,0.755499
41,35,0.821681
42,35,0.860790
43,35,0.878905
44,35,0.880923
45,35,0.870065
46,35,0.848577
47,35,0.818934
0,36,0.788939
1,36,0.789550
2,36,0.791411
3,36,0.794587
4,36,0.799114
5,36,0.804909
6,36,0.811659
7,36,0.818726
8,36,0.825092
9,36,0.829341
10,36,0.829667
11,36,0.823831
12,36,0.809025
13,36,0.781640
14,36,0.737100
15,36,0.670280
16,36,0.577640
17,36,0.462144
18,36,0.338417
19,36,0.229369
20,36,0.152232
21,36,0.109714
22,36,0.094030
23,36,0.094195
24,36,0.100130
25,36,0.104421
26,36,0.103374
27,36,0.097519
28,36,0.091070
29,36,0.090327
30,36,0.101562
31,36,0.129054
32,36,0.173878
33,36,0.234229
34,36,0.307410
35,36,0.391663
36,36,0.485294
37,36,0.583511
38,36,0.677219
39,36,0.756667
40,36,0.816282
41,36,0.855688
42,36,0.877493
43,36,0.884934
44,36,0.880762
45,36,0.867086
46,36,0.845712
47,36,0.818699
0,37,0.742824
1,37,0.743217
2,37,0.744526
3,37,0.747101
4,37,0.751408
5,37,0.757855
6,37,0.766560
7,37,0.777137
8,37,0.788568
9,37,0.799226
10,37,0.807017
11,37,0.809541
12,37,0.804125
13,37,0.787669
14,37,0.756395
15,37,0.705787
16,37,0.631551
17,37,0.532822
18,37,0.417587
19,37,0.304761
20,37,0.215115
21,37,0.158091
22,37,0.129808
23,37,0.120099
24,37,0.118800
25,37,0.118710
26,37,0.116687
27,37,0.113878
28,37,0.115223
29,37,0.128094
30,37,0.159953
31,37,0.214983
32,37,0.290973
33,37,0.379564
34,37,0.470968
35,37,0.558614
36,37,0.639458
37,37,0.711562
38,37,0.772624
39,37,0.820488
40,37,0.854181
41,37,0.874098
42,37,0.881461
43,37,0.877716
44,37,0.864251
45,37,0.842407
46,37,0.813612
47,37,0.779611
0,38,0.638095
1,38,0.638200
2,38,0.638796
3,38,0.640686
4,38,0.645035
5,38,0.653071
6,38,0.665662
7,38,0.682842
8,38,0.703478
9,38,0.725279
10,38,0.745175
11,38,0.759852
12,38,0.766112
13,38,0.760866
14,38,0.740822
15,38,0.702201
16,38,0.641153
17,38,0.555982
18,38,0.451738
19,38,0.343697
20,38,0.252002
21,38,0.189072
22,38,0.154209
23,38,0.138819
24,38,0.133277
25,38,0.130722
26,38,0.128465
27,38,0.128322
28,38,0.136311
29,38,0.161387
30,38,0.212278
31,38,0.291842
32,38,0.392097
33,38,0.497043
34,38,0.592692
35,38,0.673028
36,38,0.738014
37,38,0.789432
38,38,0.828628
39,38,0.856183
40,38,0.872293
41,38,0.877071
42,38,0.870653
43,38,0.853276
44,38,0.825473
45,38,0.788284
46,38,0.743301
47,38,0.692463
0,39,0.468157
1,39,0.467759
2,39,0.467034
3,39,0.467338
4,39,0.470741
5,39,0.479669
6,39,0.496283
7,39,0.521647
8,39,0.554925
9,39,0.593041
10,39,0.631181
11,39,0.663969
12,39,0.686582
13,39,0.695168
14,39,0.686524
15,39,0.657583
16,39,0.605557
17,39,0.529749
18,39,0.435381
19,39,0.336406
20,39,0.250996
21,39,0.190877
22,39,0.156219
23,39,0.139736
24,39,0.132859
25,39,0.129450
26,39,0.127335
27,39,0.128851
28,39,0.140869
29,39,0.173757
30,39,0.237542
31,39,0.334076
32,39,0.450419
33,39,0.564814
34,39,0.661425
35,39,0.735938
36,39,0.790824
37,39,0.829920
38,39,0.856012
39,39,0.870443
40,39,0.873398
41,39,0.864251
42,39,0.841943
43,39,0.805546
44,39,0.755148
45,39,0.692673
46,39,0.621747
47,39,0.546150
0,40,0.259914
1,40,0.258937
2,40,0.256555
3,40,0.254378
4,40,0.254965
5,40,0.261577
6,40,0.277685
7,40,0.306117
8,40,0.347800
9,40,0.400457
10,40,0.458206
11,40,0.512853
12,40,0.556303
13,40,0.582363
14,40,0.586982
15,40,0.567605
16,40,0.523044
17,40,0.454986
18,40,0.370847
19,40,0.284681
20,40,0.211975
21,40,0.161458
22,40,0.132429
23,40,0.118545
24,40,0.112627
25,40,0.109579
26,40,0.107721
27,40,0.109498
28,40,0.121929
29,40,0.156155
30,40,0.223948
31,40,0.328773
32,40,0.456460
33,40,0.580993
34,40,0.683267
35,40,0.758589
36,40,0.810506
37,40,0.844000
38,40,0.862564
39,40,0.867647
40,40,0.858833
41,40,0.834166
42,40,0.790785
43,40,0.726429
44,40,0.642101
45,40,0.544394
46,40,0.443911
47,40,0.348949
0,41,0.079437
1,41,0.078260
2,41,0.075168
3,41,0.071463
4,41,0.069266
5,41,0.071443
6,41,0.081458
7,41,0.103011
8,41,0.139165
9,41,0.190731
10,41,0.254340
11,41,0.321737
12,41,0.381845
13,41,0.424496
14,41,0.442928
15,41,0.434100
16,41,0.398452
17,41,0.340640
18,41,0.270561
19,41,0.201755
20,41,0.146025
21,41,0.108502
22,41,0.087503
23,41,0.077815
24,41,0.073924
25,41,0.071907
26,41,0.070420
27,41,0.071472
28,41,0.081266
29,41,0.110622
30,41,0.172999
31,41,0.276561
32,41,0.411536
33,41,0.549723
34,41,0.665290
35,41,0.749363
36,41,0.804966
37,41,0.837931
38,41,0.852423
39,41,0.849793
40,41,0.828515
41,41,0.784484
42,41,0.712316
43,41,0.609339
44,41,0.482528
45,41,0.351573
46,41,0.238185
47,41,0.150332
0,42,-0.038917
1,42,-0.039810
2,42,-0.042217
3,42,-0.045320
4,42,-0.047776
5,42,-0.047704
6,42,-0.042662
7,42,-0.029672
8,42,-0.005520
9,42,0.032284
10,42,0.083699
11,42,0.144149
12,42,0.204195
13,42,0.252280
14,42,0.278924
15,42,0.279477
16,42,0.254855
17,42,0.211331
18,42,0.159291
19,42,0.109978
20,42,0.071323
21,42,0.045894
22,42,0.031948
23,42,0.025802
24,42,0.023697
25,42,0.022819
26,42,0.021939
27,42,0.022197
28,42,0.028197
29,42,0.049165
30,42,0.098849
31,42,0.190671
32,42,0.324640
33,42,0.476317
34,42,0.611530
35,42,0.711994
36,42,0.777437
37,42,0.814063
38,42,0.826853
39,42,0.817016
40,42,0.781473
41,42,0.713322
42,42,0.605152
43,42,0.458826
44,42,0.297766
45,42,0.158852
46,42,0.062271
47,42,0.002297
0,43,-0.113902
1,43,-0.114178
2,43,-0.114837
3,43,-0.115390
4,43,-0.115061
5,43,-0.112813
6,43,-0.107327
7,43,-0.096937
8,43,-0.079631
9,43,-0.053410
10,43,-0.017322
11,43,0.026876
12,43,0.073491
13,43,0.113711
14,43,0.138767
15,43,0.143532
16,43,0.128431
17,43,0.099108
18,43,0.064122
19,43,0.031548
20,43,0.006289
21,43,-0.010435
22,43,-0.019843
23,43,-0.024075
24,43,-0.025314
25,43,-0.025455
26,43,-0.025771
27,43,-0.026121
28,43,-0.023685
29,43,-0.011464
30,43,0.022780
31,43,0.094938
32,43,0.215279
33,43,0.371217
34,43,0.525841
35,43,0.647542
36,43,0.727939
37,43,0.771847
38,43,0.784852
39,43,0.768022
40,43,0.716630
41,43,0.621545
42,43,0.477169
43,43,0.299486
44,43,0.132770
45,43,0.013965
46,43,-0.055117
47,43,-0.091736
0,44,-0.167866
1,44,-0.167160
2,44,-0.164907
3,44,-0.160753
4,44,-0.154258
5,44,-0.145079
6,44,-0.133099
7,44,-0.118365
8,44,-0.100797
9,44,-0.079910
10,44,-0.055010
11,44,-0.026249
12,44,0.003970
13,44,0.030599
14,44,0.047617
15,44,0.051004
16,44,0.040983
17,44,0.021990
18,44,0.000418
19,44,-0.018422
20,44,-0.032139
21,44,-0.040943
22,44,-0.046083
23,44,-0.048674
24,44,-0.049616
25,44,-0.050037
26,44,-0.051307
27,44,-0.054102
28,44,-0.056808
29,44,-0.053952
30,44,-0.035151
31,44,0.014752
32,44,0.111077
33,44,0.254688
34,44,0.417141
35,44,0.557579
36,44,0.654871
37,44,0.708564
38,44,0.723486
39,44,0.700418
40,44,0.633704
41,44,0.514808
42,44,0.346761
43,44,0.164065
44,44,0.016688
45,44,-0.076104
46,44,-0.126501
47,44,-0.152661
0,45,-0.185445
1,45,-0.183128
2,45,-0.176058
3,45,-0.163994
4,45,-0.146943
5,45,-0.125667
6,45,-0.102086
7,45,-0.079135
8,45,-0.059772
9,45,-0.045441
10,45,-0.035069
11,45,-0.025864
12,45,-0.015892
13,45,-0.006270
14,45,-0.000585
15,45,-0.001857
16,45,-0.009649
17,45,-0.019628
18,45,-0.026047
19,45,-0.025569
20,45,-0.019378
21,45,-0.011567
22,45,-0.005612
23,45,-0.002627
24,45,-0.002372
25,45,-0.005146
26,45,-0.012402
27,45,-0.025328
28,45,-0.042265
29,45,-0.056861
30,45,-0.058227
31,45,-0.032399
32,45,0.035217
33,45,0.151821
34,45,0.301981
35,45,0.447699
36,45,0.557153
37,45,0.620402
38,45,0.638523
39,45,0.611390
40,45,0.534068
41,45,0.402950
42,45,0.233298
43,45,0.068277
44,45,-0.053772
45,45,-0.128231
46,45,-0.167987
47,45,-0.184240
0,46,-0.072462
1,46,-0.067880
2,46,-0.054182
3,46,-0.031751
4,46,-0.001985
5,46,0.031852
6,46,0.064164
7,46,0.087703
8,46,0.095741
9,46,0.085277
10,46,0.059880
11,46,0.029336
12,46,0.003946
13,46,-0.012331
14,46,-0.022315
15,46,-0.029916
16,46,-0.034525
17,46,-0.029646
18,46,-0.007069
19,46,0.034938
20,46,0.086800
21,46,0.133943
22,46,0.167081
23,46,0.184773
24,46,0.189128
25,46,0.181148
26,46,0.159183
27,46,0.121089
28,46,0.069031
29,46,0.013697
30,46,-0.027183
31,46,-0.036322
32,46,-0.002277
33,46,0.079118
34,46,0.198721
35,46,0.328923
36,46,0.437300
37,46,0.505095
38,46,0.526622
39,46,0.499642
40,46,0.421584
41,46,0.296095
42,46,0.145689
43,46,0.007776
44,46,-0.093280
45,46,-0.154324
46,46,-0.174850
47,46,-0.147167
0,47,0.344901
1,47,0.349395
2,47,0.362335
3,47,0.381942
4,47,0.404842
5,47,0.425814
6,47,0.437872
7,47,0.432739
8,47,0.401892
9,47,0.339346
10,47,0.247988
11,47,0.145958
12,47,0.059389
13,47,0.002066
14,47,-0.029925
15,47,-0.044672
16,47,-0.041678
17,47,-0.008453
18,47,0.070515
19,47,0.191561
20,47,0.321039
21,47,0.424336
22,47,0.490575
23,47,0.524861
24,47,0.534414
25,47,0.522220
26,47,0.485785
27,47,0.418904
28,47,0.317811
29,47,0.193371
30,47,0.078368
31,47,0.008537
32,47,-0.003017
33,47,0.037619
34,47,0.116596
35,47,0.213517
36,47,0.303637
37,47,0.366377
38,47,0.389849
39,47,0.368711
40,47,0.302689
41,47,0.200071
42,47,0.081284
43,47,-0.028656
44,47,-0.112428
45,47,-0.154552
46,47,-0.120377
47,47,0.044848
